{
    "{'startlongitude': -48.880964, 'startlatitude': -26.31196, 'endlongitude': -48.881103, 'endlatitude': -26.313662}": {
        "error": "",
        "response": {
            "statusCode": 200,
            "body": {
                "distance": {
                    "meters": 189.7602141814502,
                    "kilometers": 0.1897602141814502,
                    "miles": 0.1179118235931812
                }
            }
        }
    },
    "{'startlongitude': 55.312168, 'startlatitude': 25.264637, 'endlongitude': 0, 'endlatitude': 0}": {
        "error": "",
        "response": {
            "statusCode": 200,
            "body": {
                "distance": {
                    "meters": 6563252.199384993,
                    "kilometers": 6563.252199384993,
                    "miles": 4078.2259804547166
                }
            }
        }
    },
    "{'startlongitude': 55.312168, 'startlatitude': 25.264637, 'endlongitude': 55.29768, 'endlatitude': 25.263056}": {
        "error": "",
        "response": {
            "statusCode": 200,
            "body": {
                "distance": {
                    "meters": 1467.4721611310088,
                    "kilometers": 1.4674721611310089,
                    "miles": 0.9118471927193811
                }
            }
        }
    },
    "{'startlongitude': 55.312168, 'startlatitude': 25.264637, 'endlongitude': 55.297778, 'endlatitude': 25.263252}": {
        "error": "",
        "response": {
            "statusCode": 200,
            "body": {
                "distance": {
                    "meters": 1455.22005790763,
                    "kilometers": 1.45522005790763,
                    "miles": 0.9042340698097544
                }
            }
        }
    },
    "{'startlongitude': 55.312168, 'startlatitude': 25.264637, 'endlongitude': 24.066, 'endlatitude': 56.9498}": {
        "error": "",
        "response": {
            "statusCode": 200,
            "body": {
                "distance": {
                    "meters": 4313672.872543588,
                    "kilometers": 4313.672872543589,
                    "miles": 2680.3987178244424
                }
            }
        }
    },
    "{'startlongitude': 55.312168, 'startlatitude': 25.264637, 'endlongitude': 55.270783, 'endlatitude': 25.2048}": {
        "error": "",
        "response": {
            "statusCode": 200,
            "body": {
                "distance": {
                    "meters": 7848.415858920692,
                    "kilometers": 7.848415858920692,
                    "miles": 4.876791640623294
                }
            }
        }
    },
    "{'startlongitude': -74.00284682563691, 'startlatitude': 40.73055035, 'endlongitude': -74.008, 'endlatitude': 40.74}": {
        "error": "",
        "response": {
            "statusCode": 200,
            "body": {
                "distance": {
                    "meters": 1136.9255333571184,
                    "kilometers": 1.1369255333571184,
                    "miles": 0.7064545300291538
                }
            }
        }
    },
    "{'startlongitude': 2.3522, 'startlatitude': 48.8566, 'endlongitude': 3.20151, 'endlatitude': 50.6916}": {
        "error": "",
        "response": {
            "statusCode": 200,
            "body": {
                "distance": {
                    "meters": 212958.63731495227,
                    "kilometers": 212.95863731495226,
                    "miles": 132.32669126160556
                }
            }
        }
    },
    "{'startlatitude': 40.6578, 'startlongitude': -74.0049, 'endlatitude': 48.8566, 'endlongitude': 2.3522}": {
        "error": "",
        "response": {
            "statusCode": 200,
            "body": {
                "distance": {
                    "meters": 5840787.814555908,
                    "kilometers": 5840.787814555908,
                    "miles": 3629.3063085214485
                }
            }
        }
    },
    "{'startlongitude': -74.0049, 'startlatitude': 40.6578, 'endlongitude': 2.3522, 'endlatitude': 48.8566}": {
        "error": "",
        "response": {
            "statusCode": 200,
            "body": {
                "distance": {
                    "meters": 5840787.814555908,
                    "kilometers": 5840.787814555908,
                    "miles": 3629.3063085214485
                }
            }
        }
    },
    "{'startlongitude': 37.7749, 'startlatitude': -122.4194, 'endlongitude': 37.7898, 'endlatitude': -122.4208}": {
        "error": "",
        "response": {
            "statusCode": 200,
            "body": {
                "distance": {
                    "meters": 901.7891567476281,
                    "kilometers": 0.9017891567476282,
                    "miles": 0.5603471962093952
                }
            }
        }
    }
}