{
    "{\n\"vin\": \"5N3AA08D68N901917\"\n}": {
        "error": "",
        "response": "{\"vin\":\"5N3AA08D68N901917\",\"mileage_start\":50000,\"mileage_year\":15000,\"vehicle\":\"2008 Infiniti QX56 Base\",\"depreciation_cost\":[2487,1194,1044,945,845],\"insurance_cost\":[1586,1641,1699,1758,1820],\"fuel_cost\":[2600,2678,2772,2883,3012],\"maintenance_cost\":[2763,2294,1241,1264,2291],\"repairs_cost\":[977,1138,1298,1417,1627],\"fees_cost\":[793,90,115,74,102],\"total_cost\":[11206,9036,8169,8341,9698],\"total_cost_sum\":46450,\"5yr_mileage\":75000,\"cost_per_mile\":0.6193333333333333}"
    },
    "{'vin': '5N3AA08D68N901917', 'mileage_start': 50000, 'mileage_year': 15000}": {
        "error": "",
        "response": {
            "vin": "5N3AA08D68N901917",
            "mileage_start": 50000,
            "mileage_year": 15000,
            "vehicle": "2008 Infiniti QX56 Base",
            "depreciation_cost": [
                2487,
                1194,
                1044,
                945,
                845
            ],
            "insurance_cost": [
                1586,
                1641,
                1699,
                1758,
                1820
            ],
            "fuel_cost": [
                2600,
                2678,
                2772,
                2883,
                3012
            ],
            "maintenance_cost": [
                2763,
                2294,
                1241,
                1264,
                2291
            ],
            "repairs_cost": [
                977,
                1138,
                1298,
                1417,
                1627
            ],
            "fees_cost": [
                793,
                90,
                115,
                74,
                102
            ],
            "total_cost": [
                11206,
                9036,
                8169,
                8341,
                9698
            ],
            "total_cost_sum": 46450,
            "5yr_mileage": 75000,
            "cost_per_mile": 0.6193333333333333
        }
    },
    "{'vin': '5N3AA08D68N901917', 'mileage_year': 15000, 'mileage_start': 50000}": {
        "error": "",
        "response": {
            "vin": "5N3AA08D68N901917",
            "mileage_start": 50000,
            "mileage_year": 15000,
            "vehicle": "2008 Infiniti QX56 Base",
            "depreciation_cost": [
                2487,
                1194,
                1044,
                945,
                845
            ],
            "insurance_cost": [
                1586,
                1641,
                1699,
                1758,
                1820
            ],
            "fuel_cost": [
                2600,
                2678,
                2772,
                2883,
                3012
            ],
            "maintenance_cost": [
                2763,
                2294,
                1241,
                1264,
                2291
            ],
            "repairs_cost": [
                977,
                1138,
                1298,
                1417,
                1627
            ],
            "fees_cost": [
                793,
                90,
                115,
                74,
                102
            ],
            "total_cost": [
                11206,
                9036,
                8169,
                8341,
                9698
            ],
            "total_cost_sum": 46450,
            "5yr_mileage": 75000,
            "cost_per_mile": 0.6193333333333333
        }
    },
    "{'vin': '5N3AA08D68N901917', 'mileage_year': 15000}": {
        "error": "",
        "response": {
            "vin": "5N3AA08D68N901917",
            "mileage_start": 50000,
            "mileage_year": 15000,
            "vehicle": "2008 Infiniti QX56 Base",
            "depreciation_cost": [
                2487,
                1194,
                1044,
                945,
                845
            ],
            "insurance_cost": [
                1586,
                1641,
                1699,
                1758,
                1820
            ],
            "fuel_cost": [
                2600,
                2678,
                2772,
                2883,
                3012
            ],
            "maintenance_cost": [
                2763,
                2294,
                1241,
                1264,
                2291
            ],
            "repairs_cost": [
                977,
                1138,
                1298,
                1417,
                1627
            ],
            "fees_cost": [
                793,
                90,
                115,
                74,
                102
            ],
            "total_cost": [
                11206,
                9036,
                8169,
                8341,
                9698
            ],
            "total_cost_sum": 46450,
            "5yr_mileage": 75000,
            "cost_per_mile": 0.6193333333333333
        }
    },
    "{'vin': '5N3AA08D68N901917'}": {
        "error": "",
        "response": "{'vin': '5N3AA08D68N901917', 'mileage_start': 50000, 'mileage_year': 15000, 'vehicle': '2008 Infiniti QX56 Base', 'depreciation_cost': [2487, 1194, 1044, 945, 845], 'insurance_cost': [1586, 1641, 1699, 1758, 1820], 'fuel_cost': [2600, 2678, 2772, 2883, 3012], 'maintenance_cost': [2763, 2294, 1241, 1264, 2291], 'repairs_cost': [977, 1138, 1298, 1417, 1627], 'fees_cost': [793, 90, 115, 74, 102], 'total_cost': [11206, 9036, 8169, 8341, 9698], 'total_cost_sum': 46450, '5yr_mileage': 75000, 'cost_per_mile': 0.6193333333333333}"
    },
    "{'vin': '5N1ED28YX3C123456'}": {
        "error": "",
        "response": {
            "vin": "5N1ED28YX3C123456",
            "mileage_start": 50000,
            "mileage_year": 15000,
            "vehicle": "2003 Nissan Xterra XE",
            "depreciation_cost": [
                1889,
                907,
                793,
                718,
                642
            ],
            "insurance_cost": [
                1451,
                1502,
                1554,
                1609,
                1665
            ],
            "fuel_cost": [
                2167,
                2232,
                2310,
                2402,
                2510
            ],
            "maintenance_cost": [
                2763,
                2395,
                1184,
                1047,
                2291
            ],
            "repairs_cost": [
                977,
                1138,
                1298,
                1417,
                1627
            ],
            "fees_cost": [
                523,
                60,
                76,
                49,
                68
            ],
            "total_cost": [
                9769,
                8233,
                7215,
                7241,
                8803
            ],
            "total_cost_sum": 41262,
            "5yr_mileage": 75000,
            "cost_per_mile": 0.55016
        }
    },
    "{'vin': '5N3AA08D68N901917', 'mileage_year': 12000}": {
        "error": "",
        "response": "{'vin': '5N3AA08D68N901917', 'mileage_start': 50000, 'mileage_year': 12000, 'vehicle': '2008 Infiniti QX56 Base', 'state': 'usa', 'depreciation_cost': [847, 782, 717, 652, 587], 'insurance_cost': [1451, 1502, 1554, 1609, 1665], 'fuel_cost': [2080, 2142, 2217, 2306, 2410], 'electricity_cost': [0, 0, 0, 0, 0], 'maintenance_cost': [2763, 1993, 1012, 739, 2291], 'repairs_cost': [1387, 1290, 1473, 1590, 1816], 'fees_cost': [445, 51, 65, 41, 57], 'total_cost': [8973, 7760, 7038, 6937, 8826], 'total_cost_sum': 39535, '5yr_mileage': 60000, 'cost_per_mile': 0.6589166666666667}"
    },
    "{'vin': '5N3AA08D68N901917', 'mileage_year': 18000}": {
        "error": "",