{
    "{'lata': 33.5206824, 'longa': -86.8024326, 'latb': 38.5810606, 'longb': -121.493895}": {
        "error": "",
        "response": {
            "latitude1": 33.5206824,
            "longitude1": -86.8024326,
            "latitude2": 38.5810606,
            "longitude2": -121.493895,
            "distance": 3149.93,
            "uom": "km"
        }
    },
    "{'latb': 33.5207, 'longa': -86.8114, 'lata': 38.5816, 'longb': -121.4944}": {
        "error": "",
        "response": {
            "latitude1": 38.5816,
            "longitude1": -86.8114,
            "latitude2": 33.5207,
            "longitude2": -121.4944,
            "distance": 3149.19,
            "uom": "km"
        }
    },
    "{'lata': 33.5207, 'longa': -86.8025, 'latb': 38.5816, 'longb': -121.4944}": {
        "error": "",
        "response": {
            "latitude1": 33.5207,
            "longitude1": -86.8025,
            "latitude2": 38.5816,
            "longitude2": -121.4944,
            "distance": 3149.96,
            "uom": "km"
        }
    },
    "{'lata': 33.5206824, 'longa': -86.8024326, 'latb': 34.0536909, 'longb': -118.242766}": {
        "error": "",
        "response": {
            "latitude1": 33.5206824,
            "longitude1": -86.8024326,
            "latitude2": 34.0536909,
            "longitude2": -118.242766,
            "distance": 2894.65,
            "uom": "km"
        }
    },
    "{'lata': 33.5186, 'longa': -86.8104, 'latb': 34.0522, 'longb': -118.2437}": {
        "error": "",
        "response": {
            "latitude1": 33.5186,
            "longitude1": -86.8104,
            "latitude2": 34.0522,
            "longitude2": -118.2437,
            "distance": 2894.07,
            "uom": "km"
        }
    },
    "{'latb': 33.5207, 'longb': -118.2437, 'longa': -86.8025, 'lata': 34.0522}": {
        "error": "",
        "response": {
            "latitude1": 34.0522,
            "longitude1": -86.8025,
            "latitude2": 33.5207,
            "longitude2": -118.2437,
            "distance": 2894.75,
            "uom": "km"
        }
    },
    "{'lata': 33.5186, 'longa': 86.8104, 'latb': 34.0522, 'longb': 118.2437}": {
        "error": "",
        "response": {
            "latitude1": 33.5186,
            "longitude1": 86.8104,
            "latitude2": 34.0522,
            "longitude2": 118.2437,
            "distance": 2894.07,
            "uom": "km"
        }
    },
    "{'latb': 38.5816, 'longa': -121.4944, 'lata': 33.5207, 'longb': -86.8025}": {
        "error": "",
        "response": {
            "latitude1": 33.5207,
            "longitude1": -121.4944,
            "latitude2": 38.5816,
            "longitude2": -86.8025,
            "distance": 3149.96,
            "uom": "km"
        }
    },
    "{'latb': 38.58, 'longa': -121.49, 'lata': 33.52, 'longb': -86.8}": {
        "error": "",
        "response": {
            "latitude1": 33.52,
            "longitude1": -121.49,
            "latitude2": 38.58,
            "longitude2": -86.8,
            "distance": 3149.83,
            "uom": "km"
        }
    },
    "{'latb': 33.9416, 'longb': -118.4085, 'lata': 34.0522, 'longa': -118.2437}": {
        "error": "",
        "response": {
            "latitude1": 34.0522,
            "longitude1": -118.2437,
            "latitude2": 33.9416,
            "longitude2": -118.4085,
            "distance": 19.55,
            "uom": "km"
        }
    },
    "{'latb': 34.0522, 'longb': -118.2437, 'lata': 33.9416, 'longa': -118.4085}": {
        "error": "",
        "response": {
            "latitude1": 33.9416,
            "longitude1": -118.4085,
            "latitude2": 34.0522,
            "longitude2": -118.2437,
            "distance": 19.55,
            "uom": "km"
        }
    },
    "{'lata': 55.751244, 'longa': 37.618423, 'latb': 59.93428, 'longb': 30.335099}": {
        "error": "",
        "response": {
            "latitude1": 55.751244,
            "longitude1": 37.618423,
            "latitude2": 59.93428,
            "longitude2": 30.335099,
            "distance": 633.46,
            "uom": "km"
        }
    },
    "{'lata': 40.7128, 'longa': -74.006, 'latb': 37.7749, 'longb': -122.4194}": {
        "error": "",
        "response": {
            "latitude1": 40.7128,
            "longitude1": -74.006,
            "latitude2": 37.7749,
            "longitude2": -122.4194,
            "distance": 4129.09,
            "uom": "km"
        }
    },
    "{'latb': 51.5074, 'longb': -0.1278, 'lata': 48.8566, 'longa': 2.3522}": {
        "error": "",
        "response": {
            "latitude1": 48.8566,
            "longitude1": 2.3522,
            "latitude2": 51.5074,
            "longitude2": -0.1278,
            "distance": 343.56,
            "uom": "km"
        }
    },
    "{'latb': 48.8566, 'longb': 2.3522, 'lata': 41.9028, 'longa': 12.4964}": {
        "error": "",
        "response": {
            "latitude1": 41.9028,
            "longitude1": 12.4964,
            "latitude2": 48.8566,
            "longitude2": 2.3522,
            "distance": 1105.29,
            "uom": "km"
        }
    },
    "{'latb': 33.5206824, 'longb': -86.8024326, 'lata': 38.5810606, 'longa': -121.493895}": {
        "error": "",
        "response": {
            "latitude1": 38.5810606,
            "longitude1": -121.493895,
            "latitude2": 33.5206824,
            "longitude2": -86.8024326,
            "distance": 3149.93,
            "uom": "km"
        }
    },
    "{'latb': 39.148201, 'longb': -120.150902, 'lata': 40.583828, 'longa': -111.63726}": {
        "error": "",
        "response": {
            "latitude1": 40.583828,
            "longitude1": -111.63726,
            "latitude2": 39.148201,
            "longitude2": -120.150902,
            "distance": 743.62,
            "uom": "km"
        }
    },
    "{'latb': 41.9028, 'longb': 12.4964, 'lata': 48.8566, 'longa': 2.3522}": {
        "error": "",
        "response": {
            "latitude1": 48.8566,
            "longitude1": 2.3522,
            "latitude2": 41.9028,
            "longitude2": 12.4964,
            "distance": 1105.29,
            "uom": "km"
        }
    },
    "{'lata': 55.7558, 'longa': 37.6176, 'latb': 59.9343, 'longb': 30.3351}": {
        "error": "",
        "response": {
            "latitude1": 55.7558,
            "longitude1": 37.6176,
            "latitude2": 59.9343,
            "longitude2": 30.3351,
            "distance": 633.04,
            "uom": "km"
        }
    },
    "{'latb': 34.0522, 'longb': 1118.2437, 'lata': 333.5186, 'longa': 86.8104}": {
        "error": "",
        "response": {
            "latitude1": 333.5186,
            "longitude1": 86.8104,
            "latitude2": 34.0522,
            "longitude2": 1118.2437,
            "distance": 8456.44,
            "uom": "km"
        }
    },
    "{'latb': 333.5186, 'longb': 182437, 'longa': 34.0522, 'lata': 34.0522}": {
        "error": "",
        "response": {
            "latitude1": 34.0522,
            "longitude1": 34.0522,
            "latitude2": 333.5186,
            "longitude2": 182437.0,
            "distance": 14004.11,
            "uom": "km"
        }
    },
    "{'latb': 34.0522, 'longb': 1118.2437, 'longa': 86.8104, 'lata': 333.5186}": {
        "error": "",
        "response": {
            "latitude1": 333.5186,
            "longitude1": 86.8104,
            "latitude2": 34.0522,
            "longitude2": 1118.2437,
            "distance": 8456.44,
            "uom": "km"
        }
    },
    "{'latb': 333.5186, 'longb': 818.2437, 'lata': 34.0522, 'longa': 1118.2437}": {
        "error": "",
        "response": {
            "latitude1": 34.0522,
            "longitude1": 1118.2437,
            "latitude2": 333.5186,
            "longitude2": 818.2437,
            "distance": 9234.03,
            "uom": "km"
        }
    },
    "{'latb': 33.5206824, 'longb': -86.8024326, 'longa': 118.2437, 'lata': 33.5186}": {
        "error": "",