{
    "{\n\"symbol\": \"AAPL\"\n}": {
        "error": "",
        "response": "{\"symbol\":\"AAPL\",\"data\":{\"roeTTM\":-0.061769485579652984,\"roicTTM\":0.22886469377752663,\"pbRatioTTM\":3.919749114527214,\"peRatioTTM\":34.078125799999995,\"ptbRatioTTM\":3.919749114527214,\"evToSalesTTM\":4.201863902111032,\"marketCapTTM\":833796861192,\"pfcfRatioTTM\":44.7775905016823,\"pocfratioTTM\":38.126230786040686,\"payoutRatioTTM\":0.1997868959990652,\"cashPerShareTTM\":9.168180683900172,\"currentRatioTTM\":1.4373673155859248,\"debtToAssetsTTM\":0.6265370008372841,\"debtToEquityTTM\":-1.861164182392452,\"grahamNetNetTTM\":-19.25092749943804,\"grahamNumberTTM\":61.09134028664772,\"capexPerShareTTM\":-2.7735961043422845,\"dividendYieldTTM\":0.01562560090489772,\"earningsYieldTTM\":0.05010473445651568,\"incomeQualityTTM\":1.5544485545934337,\"capexToRevenueTTM\":-0.07718019190064454,\"workingCapitalTTM\":31870395800,\"averagePayablesTTM\":21716243400,\"debtToMarketCapTTM\":0.4194255832087688,\"enterpriseValueTTM\":864709537992,\"investedCapitalTTM\":-0.4284922996814708,\"netDebtToEBITDATTM\":0.8684433111600383,\"revenuePerShareTTM\":45.92075476119447,\"averageInventoryTTM\":12966625000,\"dividendPerShareTTM\":1.184,\"evToFreeCashFlowTTM\":46.875826931285054,\"interestCoverageTTM\":56.204465306249446,\"payablesTurnoverTTM\":13.444869614887867,\"bookValuePerShareTTM\":19.916328618293484,\"freeCashFlowYieldTTM\":0.038507958441103496,\"inventoryTurnoverTTM\":18.23701710351134,\"netIncomePerShareTTM\":6.007944872110833,\"priceToSalesRatioTTM\":4.0444987345007934,\"averageReceivablesTTM\":23582142800,\"tangibleAssetValueTTM\":99272950250,\"capexToDepreciationTTM\":-1.2977288627727872,\"receivablesTurnoverTTM\":14.657629983299133,\"daysSalesOutstandingTTM\":35.87696337164964,\"freeCashFlowPerShareTTM\":3.1727612056195538,\"interestDebtPerShareTTM\":13.662393432522862,\"netCurrentAssetValueTTM\":-15.236921883533,\"daysOfInventoryOnHandTTM\":23.757314537795416,\"evToOperatingCashFlowTTM\":40.42559737875064,\"returnOnTangibleAssetsTTM\":0.16862117094521314,\"daysPayablesOutstandingTTM\":58.01604565013596,\"dividendYieldPercentageTTM\":1.5625600904897723,\"capexToOperatingCashFlowTTM\":-0.5673444587232144,\"intangiblesToTotalAssetsTTM\":0.1550800833043322,\"enterpriseValueOverEBITDATTM\":13.419200014081737,\"operatingCashFlowPerShareTTM\":5.946357309961838,\"tangibleBookValuePerShareTTM\":0.19116982151816583,\"shareholdersEquityPerShareTTM\":19.916328618293484,\"stockBasedCompensationToRevenueTTM\":0.03223200306999074,\"researchAndDevelopementToRevenueTTM\":0.10113683281737282,\"salesGeneralAndAdministrativeToRevenueTTM\":0.03854069117976884}}"
    },
    "{\n  \"symbol\": \"AAPL\"\n}": {
        "error": "",
        "response": "{\"symbol\":\"AAPL\",\"data\":{\"roeTTM\":-0.061769485579652984,\"roicTTM\":0.22886469377752663,\"pbRatioTTM\":3.919749114527214,\"peRatioTTM\":34.078125799999995,\"ptbRatioTTM\":3.919749114527214,\"evToSalesTTM\":4.201863902111032,\"marketCapTTM\":833796861192,\"pfcfRatioTTM\":44.7775905016823,\"pocfratioTTM\":38.126230786040686,\"payoutRatioTTM\":0.1997868959990652,\"cashPerShareTTM\":9.168180683900172,\"currentRatioTTM\":1.4373673155859248,\"debtToAssetsTTM\":0.6265370008372841,\"debtToEquityTTM\":-1.861164182392452,\"grahamNetNetTTM\":-19.25092749943804,\"grahamNumberTTM\":61.09134028664772,\"capexPerShareTTM\":-2.7735961043422845,\"dividendYieldTTM\":0.01562560090489772,\"earningsYieldTTM\":0.05010473445651568,\"incomeQualityTTM\":1.5544485545934337,\"capexToRevenueTTM\":-0.07718019190064454,\"workingCapitalTTM\":31870395800,\"averagePayablesTTM\":21716243400,\"debtToMarketCapTTM\":0.4194255832087688,\"enterpriseValueTTM\":864709537992,\"investedCapitalTTM\":-0.4284922996814708,\"netDebtToEBITDATTM\":0.8684433111600383,\"revenuePerShareTTM\":45.92075476119447,\"averageInventoryTTM\":12966625000,\"dividendPerShareTTM\":1.184,\"evToFreeCashFlowTTM\":46.875826931285054,\"interestCoverageTTM\":56.204465306249446,\"payablesTurnoverTTM\":13.444869614887867,\"bookValuePerShareTTM\":19.916328618293484,\"freeCashFlowYieldTTM\":0.038507958441103496,\"inventoryTurnoverTTM\":18.23701710351134,\"netIncomePerShareTTM\":6.007944872110833,\"priceToSalesRatioTTM\":4.0444987345007934,\"averageReceivablesTTM\":23582142800,\"tangibleAssetValueTTM\":99272950250,\"capexToDepreciationTTM\":-1.2977288627727872,\"receivablesTurnoverTTM\":14.657629983299133,\"daysSalesOutstandingTTM\":35.87696337164964,\"freeCashFlowPerShareTTM\":3.1727612056195538,\"interestDebtPerShareTTM\":13.662393432522862,\"netCurrentAssetValueTTM\":-15.236921883533,\"daysOfInventoryOnHandTTM\":23.757314537795416,\"evToOperatingCashFlowTTM\":40.42559737875064,\"returnOnTangibleAssetsTTM\":0.16862117094521314,\"daysPayablesOutstandingTTM\":58.01604565013596,\"dividendYieldPercentageTTM\":1.5625600904897723,\"capexToOperatingCashFlowTTM\":-0.5673444587232144,\"intangiblesToTotalAssetsTTM\":0.1550800833043322,\"enterpriseValueOverEBITDATTM\":13.419200014081737,\"operatingCashFlowPerShareTTM\":5.946357309961838,\"tangibleBookValuePerShareTTM\":0.19116982151816583,\"shareholdersEquityPerShareTTM\":19.916328618293484,\"stockBasedCompensationToRevenueTTM\":0.03223200306999074,\"researchAndDevelopementToRevenueTTM\":0.10113683281737282,\"salesGeneralAndAdministrativeToRevenueTTM\":0.03854069117976884}}"
    },
    "{'symbol': 'AAPL'}": {
        "error": "",
        "response": "{'symbol': 'AAPL', 'data': {'roeTTM': -0.061769485579652984, 'roicTTM': 0.22886469377752663, 'pbRatioTTM': 3.919749114527214, 'peRatioTTM': 34.078125799999995, 'ptbRatioTTM': 3.919749114527214, 'evToSalesTTM': 4.201863902111032, 'marketCapTTM': 833796861192, 'pfcfRatioTTM': 44.7775905016823, 'pocfratioTTM': 38.126230786040686, 'payoutRatioTTM': 0.1997868959990652, 'cashPerShareTTM': 9.168180683900172, 'currentRatioTTM': 1.4373673155859248, 'debtToAssetsTTM': 0.6265370008372841, 'debtToEquityTTM': -1.861164182392452, 'grahamNetNetTTM': -19.25092749943804, 'grahamNumberTTM': 61.09134028664772, 'capexPerShareTTM': -2.7735961043422845, 'dividendYieldTTM': 0.01562560090489772, 'earningsYieldTTM': 0.05010473445651568, 'incomeQualityTTM': 1.5544485545934337, 'capexToRevenueTTM': -0.07718019190064454, 'workingCapitalTTM': 31870395800, 'averagePayablesTTM': 21716243400, 'debtToMarketCapTTM': 0.4194255832087688, 'enterpriseValueTTM': 864709537992, 'investedCapitalTTM': -0.4284922996814708, 'netDebtToEBITDATTM': 0.8684433111600383, 'revenuePerShareTTM': 45.92075476119447, 'averageInventoryTTM': 12966625000, 'dividendPerShareTTM': 1.184, 'evToFreeCashFlowTTM': 46.875826931285054, 'interestCoverageTTM': 56.204465306249446, 'payablesTurnoverTTM': 13.444869614887867, 'bookValuePerShareTTM': 19.916328618293484, 'freeCashFlowYieldTTM': 0.038507958441103496, 'inventoryTurnoverTTM': 18.23701710351134, 'netIncomePerShareTTM': 6.007944872110833, 'priceToSalesRatioTTM': 4.0444987345007934, 'averageReceivablesTTM': 23582142800, 'tangibleAssetValueTTM': 99272950250, 'capexToDepreciationTTM': -1.2977288627727872, 'receivablesTurnoverTTM': 14.657629983299133, 'daysSalesOutstandingTTM': 35.87696337164964, 'freeCashFlowPerShareTTM': 3.1727612056195538, 'interestDebtPerShareTTM': 13.662393432522862, 'netCurrentAssetValueTTM': -15.236921883533, 'daysOfInventoryOnHandTTM': 23.757314537795416, 'evToOperatingCashFlowTTM': 40.42559737875064, 'returnOnTangibleAssetsTTM': 0.16862117094521314, 'daysPayablesOutstandingTTM': 58.01604565013596, 'divide"
    }
}